GA,Optimal,time(sec)
1395.0,1218,29.846185207366943
1407.0,1235,29.28721308708191
1434.0,1216,30.605379104614258
1373.0,1152,30.591059923171997
1477.0,1355,30.16935896873474
