,GA,Optimal,time(sec)
0,1156.0,1059,52.95137286186218
1,927.0,888,46.64150905609131
2,1106.0,1005,51.4063937664032
3,1031.0,1005,45.58675789833069
4,953.0,887,50.207700967788696
5,1092.0,1010,51.100167989730835
6,429.0,397,48.628798961639404
7,957.0,899,51.24112892150879
8,983.0,934,48.16867423057556
9,989.0,944,48.58809304237366
