,GA,Optimal,time(sec)
0,1800.0,1059,128.6759238243103
1,1283.0,888,125.6693708896637
2,1649.0,1005,156.49087858200073
3,1458.0,1005,139.51289582252502
4,1316.0,887,135.6210277080536
5,1608.0,1010,145.9450080394745
6,597.0,397,160.92727375030518
7,1454.0,899,209.47303128242493
8,1383.0,934,192.74488282203674
9,1494.0,944,163.6495440006256
